name, iso_3
Aruba,ABW
Afghanistan,AFG
Angola,AGO
Anguilla,AIA
Aland,ALA
Albania,ALB
Andorra,AND
United Arab Emirates,ARE
Argentina,ARG
Armenia,ARM
American Samoa,ASM
Antarctica,ATA
French Southern and Antarctic Lands,ATF
Antigua and Barbuda,ATG
Ashmore and Cartier Islands,AUS
Australia,AUS
Austria,AUT
Azerbaijan,AZE
Burundi,BDI
Belgium,BEL
Benin,BEN
Burkina Faso,BFA
Bangladesh,BGD
Bulgaria,BGR
Bahrain,BHR
Bahamas, The,BHS
Bosnia and Herzegovina,BIH
Saint Barthelemy,BLM
Belarus,BLR
Belize,BLZ
Bermuda,BMU
Bolivia,BOL
Brazil,BRA
Barbados,BRB
Brunei,BRN
Bhutan,BTN
Bouvet Island,BVT
Botswana,BWA
Central African Republic,CAF
Canada,CAN
Cocos (Keeling) Islands,CCK
Switzerland,CHE
Chile,CHL
Anhui,CHN
Beijing,CHN
Chongqing,CHN
Fujian,CHN
Gansu,CHN
Guangdong,CHN
Guangxi,CHN
Guizhou,CHN
Hainan,CHN
Hebei,CHN
Heilongjiang,CHN
Henan,CHN
Hubei,CHN
Hunan,CHN
Jiangsu,CHN
Jiangxi,CHN
Jilin,CHN
Liaoning,CHN
Nei Mongol,CHN
Ningxia,CHN
Qinghai,CHN
Shaanxi,CHN
Shandong,CHN
Shanghai,CHN
Shanxi,CHN
Sichuan,CHN
Tianjin,CHN
Xinjiang Uygur,CHN
Xizang,CHN
Yunnan,CHN
Zhejiang,CHN
Cote d'Ivoire,CIV
Cameroon,CMR
Democratic Republic of the Congo,COD
Republic of the Congo,COG
Cook Islands,COK
Colombia,COL
Comoros,COM
Cabo Verde,CPV
Costa Rica,CRI
Cuba,CUB
Curacao,CUW
Christmas Island,CXR
Cayman Islands,CYM
Cyprus,CYP
Czech Republic,CZE
Germany,DEU
Djibouti,DJI
Dominica,DMA
Denmark,DNK
Dominican Republic,DOM
Algeria,DZA
Ecuador,ECU
Egypt,EGY
Eritrea,ERI
Western Sahara (governed  by Morocco),ESH
Spain,ESP
Estonia,EST
Ethiopia,ETH
Finland,FIN
Fiji,FJI
Fiji,FJI
Falkland Islands (Islas Malvinas),FLK
Clipperton Island,FRA
France,FRA
Faroe Islands,FRO
Federated States of Micronesia,FSM
Gabon,GAB
UK Sovereign Base Area,GBR
United Kingdom,GBR
Georgia,GEO
Guernsey,GGY
Ghana,GHA
Gibraltar,GIB
Guinea,GIN
Guadeloupe,GLP
Gambia, The,GMB
Guinea-Bissau,GNB
Equatorial Guinea,GNQ
Greece,GRC
Grenada,GRD
Greenland,GRL
Guatemala,GTM
French Guiana,GUF
Guam,GUM
Guyana,GUY
Hong Kong,HKG
Heard Island and McDonald Islands,HMD
Honduras,HND
Croatia,HRV
Haiti,HTI
Hungary,HUN
Indonesia,IDN
Isle of Man,IMN
India,IND
British Indian Ocean Territory,IOT
Ireland,IRL
Iran,IRN
Iraq,IRQ
Iceland,ISL
Israel,ISR
Italy,ITA
Jamaica,JAM
Jersey,JEY
Jordan,JOR
Japan,JPN
Kazakhstan,KAZ
Kenya,KEN
Kyrgyzstan,KGZ
Cambodia,KHM
Kiribati,KIR
Kiribati,KIR
Saint Kitts and Nevis,KNA
South Korea,KOR
Kuwait,KWT
Laos,LAO
Lebanon,LBN
Liberia,LBR
Libya,LBY
Saint Lucia,LCA
Liechtenstein,LIE
Sri Lanka,LKA
Lesotho,LSO
Lithuania,LTU
Luxembourg,LUX
Latvia,LVA
Macau,MAC
Saint Martin,MAF
Morocco,MAR
Monaco,MCO
Moldova,MDA
Madagascar,MDG
Maldives,MDV
Mexico,MEX
Marshall Islands,MHL
Macedonia,MKD
Mali,MLI
Malta,MLT
Myanmar,MMR
Montenegro,MNE
Mongolia,MNG
Northern Mariana Islands,MNP
Mozambique,MOZ
Mauritania,MRT
Montserrat,MSR
Martinique,MTQ
Mauritius,MUS
Malawi,MWI
Malaysia,MYS
Mayotte,MYT
Namibia,NAM
New Caledonia,NCL
Niger,NER
Norfolk Island,NFK
Nigeria,NGA
Nicaragua,NIC
Niue,NIU
Netherlands,NLD
Netherlands (Special Municipalities),NLD
Norway,NOR
Nepal,NPL
Nauru,NRU
New Zealand,NZL
Oman,OMN
Pakistan,PAK
Panama,PAN
Pitcairn Islands,PCN
Peru,PER
Philippines,PHL
Palau,PLW
Papua New Guinea,PNG
Poland,POL
Puerto Rico,PRI
North Korea,PRK
Portugal,PRT
Paraguay,PRY
Palestine,PSE
French Polynesia,PYF
Qatar,QAT
Reunion,REU
Romania,ROU
Russia,RUS
Rwanda,RWA
Saudi Arabia,SAU
Sudan,SDN
Senegal,SEN
Singapore,SGP
South Georgia & South Sandwich Islands,SGS
Saint Helena,SHN
Solomon Islands,SLB
Sierra Leone,SLE
El Salvador,SLV
San Marino,SMR
Somalia,SOM
Saint Pierre and Miquelon,SPM
Kosovo,SRB
Serbia,SRB
South Sudan,SSD
Sao Tome and Principe,STP
Suriname,SUR
Slovakia,SVK
Slovenia,SVN
Sweden,SWE
eSwatini,SWZ
Sint Maarten,SXM
Seychelles,SYC
Syria,SYR
Turks and Caicos Islands,TCA
Chad,TCD
Togo,TGO
Thailand,THA
Tajikistan,TJK
Tokelau,TKL
Turkmenistan,TKM
Timor-Leste,TLS
Tonga,TON
Trinidad and Tobago,TTO
Tunisia,TUN
Turkey,TUR
Tuvalu,TUV
Taiwan,TWN
Tanzania,TZA
Uganda,UGA
Ukraine,UKR
United States Minor Outlying Islands,UMI
United States Minor Outlying Islands,UMI
United States Minor Outlying Islands,UMI
Uruguay,URY
Alabama,USA
Alaska,USA
Arizona,USA
Arkansas,USA
California,USA
Colorado,USA
Connecticut,USA
Delaware,USA
District of Columbia,USA
Florida,USA
Georgia,USA
Hawaii,USA
Idaho,USA
Illinois,USA
Indiana,USA
Iowa,USA
Kansas,USA
Kentucky,USA
Louisiana,USA
Maine,USA
Maryland,USA
Massachusetts,USA
Michigan,USA
Minnesota,USA
Mississippi,USA
Missouri,USA
Montana,USA
Nebraska,USA
Nevada,USA
New Hampshire,USA
New Jersey,USA
New Mexico,USA
New York,USA
North Carolina,USA
North Dakota,USA
Ohio,USA
Oklahoma,USA
Oregon,USA
Pennsylvania,USA
Rhode Island,USA
South Carolina,USA
South Dakota,USA
Tennessee,USA
Texas,USA
Utah,USA
Vermont,USA
Virginia,USA
Washington,USA
West Virginia,USA
Wisconsin,USA
Wyoming,USA
Uzbekistan,UZB
Vatican City,VAT
Saint Vincent and the Grenadines,VCT
Venezuela,VEN
British Virgin Islands,VGB
US Virgin Islands,VIR
Vietnam,VNM
Vanuatu,VUT
Wallis and Futuna,WLF
Samoa,WSM
Yemen,YEM
South Africa,ZAF
Zambia,ZMB
Zimbabwe,ZWE
Paracel Islands,
Spratly Islands,
